crossref_date,crossref_by,GET_vsn,Source_ID,data_id_code,layer_name,in_class_field_name,in_class_value,in_class_description,in_class_description_detail,0,T1.1,T1.2,T1.3,T1.4,T2.1,T2.2,T2.3,T2.4,T2.5,T2.6,T3.1,T3.2,T3.3,T3.4,T4.1,T4.2,T4.3,T4.4,T4.5,T5.1,T5.2,T5.3,T5.4,T5.5,T6.1,T6.2,T6.3,T6.4,T6.5,T7.1,T7.2,T7.3,T7.4,T7.5,S1.1,S1.2,S2.1,SF1.1,SF1.2,SF2.1,SF2.2,SM1.1,SM1.2,SM1.3,TF1.1,TF1.2,TF1.3,TF1.4,TF1.5,TF1.6,TF1.7,F1.1,F1.2,F1.3,F1.4,F1.5,F1.6,F1.7,F2.1,F2.2,F2.3,F2.4,F2.5,F2.6,F2.7,F2.8,F2.9,F2.10,F3.1,F3.2,F3.3,F3.4,F3.5,FM1.1,FM1.2,FM1.3,M1.1,M1.2,M1.3,M1.4,M1.5,M1.6,M1.7,M1.8,M1.9,M1.10,M2.1,M2.2,M2.3,M2.4,M2.5,M3.1,M3.2,M3.3,M3.4,M3.5,M3.6,M3.7,M4.1,M4.2,MT1.1,MT1.2,MT1.3,MT1.4,MT2.1,MT2.2,MT3.1,MFT1.1,MFT1.2,MFT1.3,NA
30/06/2026,Alli Lynn,2.1,429,nsidc_global_glacier_2023,RGI2000-v7.0-G-xxx,primeclass,0,Miscellaneous,Any type not listed below,,,,,,,,,,,,,,,,,,,,,,,,,,1,,,,,,,,,,,,,,,,,,,,,,,,,,,,,,,,,,,,,,,,,,,,,,,,,,,,,,,,,,,,,,,,,,,,,,,,,,,,,,,,,,,,,,
30/06/2026,Alli Lynn,2.1,429,nsidc_global_glacier_2023,RGI2000-v7.0-G-xxx,primeclass,1,Continental ice sheet,Inundates areas of continental size,,,,,,,,,,,,,,,,,,,,,,,,,,1,,,,,,,,,,,,,,,,,,,,,,,,,,,,,,,,,,,,,,,,,,,,,,,,,,,,,,,,,,,,,,,,,,,,,,,,,,,,,,,,,,,,,,
30/06/2026,Alli Lynn,2.1,429,nsidc_global_glacier_2023,RGI2000-v7.0-G-xxx,primeclass,2,Icefield,Ice masses of sheet or blanket type of a thickness that is insufficient to obscure the subsurface topography,,,,,,,,,,,,,,,,,,,,,,,,,,1,,,,,,,,,,,,,,,,,,,,,,,,,,,,,,,,,,,,,,,,,,,,,,,,,,,,,,,,,,,,,,,,,,,,,,,,,,,,,,,,,,,,,,
30/06/2026,Alli Lynn,2.1,429,nsidc_global_glacier_2023,RGI2000-v7.0-G-xxx,primeclass,3,Ice cap,Dome-shaped ice masses with radial flow,,,,,,,,,,,,,,,,,,,,,,,,,,1,,,,,,,,,,,,,,,,,,,,,,,,,,,,,,,,,,,,,,,,,,,,,,,,,,,,,,,,,,,,,,,,,,,,,,,,,,,,,,,,,,,,,,
30/06/2026,Alli Lynn,2.1,429,nsidc_global_glacier_2023,RGI2000-v7.0-G-xxx,primeclass,4,Outlet glacier,"Drains an ice sheet, icefield or ice cap, usually of valley glacier form; the catchment area may not be easily defined",,,,,,,,,,,,,,,,,,,,,,,,,,1,,,,,,,,,,,,,,,,,,,,,,,,,,,,,,,,,,,,,,,,,,,,,,,,,,,,,,,,,,,,,,,,,,,,,,,,,,,,,,,,,,,,,,
30/06/2026,Alli Lynn,2.1,429,nsidc_global_glacier_2023,RGI2000-v7.0-G-xxx,primeclass,5,Valley glacier,Flows down a valley; the catchment area is well defined,,,,,,,,,,,,,,,,,,,,,,,,,,1,,,,,,,,,,,,,,,,,,,,,,,,,,,,,,,,,,,,,,,,,,,,,,,,,,,,,,,,,,,,,,,,,,,,,,,,,,,,,,,,,,,,,,
30/06/2026,Alli Lynn,2.1,429,nsidc_global_glacier_2023,RGI2000-v7.0-G-xxx,primeclass,6,Mountain glacier,"Cirque, niche or crater type, hanging glacier; includes ice aprons and groups of small units",,,,,,,,,,,,,,,,,,,,,,,,,,1,,,,,,,,,,,,,,,,,,,,,,,,,,,,,,,,,,,,,,,,,,,,,,,,,,,,,,,,,,,,,,,,,,,,,,,,,,,,,,,,,,,,,,
30/06/2026,Alli Lynn,2.1,429,nsidc_global_glacier_2023,RGI2000-v7.0-G-xxx,primeclass,7,Glacieret and snowfield,"Small ice masses of indefinite shape in hollows, river beds and on protected slopes, which has developed from snow drifting, avalanching, and/or particularly heavy accumulation in certain years; usually no marked flow pattern is visible; in existence for at least two consecutive years.",,,,,,,,,,,,,,,,,,,,,,,,,,1,,,,,,,,,,,,,,,,,,,,,,,,,,,,,,,,,,,,,,,,,,,,,,,,,,,,,,,,,,,,,,,,,,,,,,,,,,,,,,,,,,,,,,
30/06/2026,Alli Lynn,2.1,429,nsidc_global_glacier_2023,RGI2000-v7.0-G-xxx,primeclass,8,Ice shelf,Floating ice sheet of considerable thickness attached to a coast nourished by a glacier(s); snow accumulation on its surface or bottom freezing,,,,,,,,,,,,,,,,,,,,,,,,,,,,,,,,,,,,,,,,,,,,,,,,,,,,,,,,,,,,,,,,,,,,,,,,,,,,,,,,,,,,,,,,,,,,1,,,,,,,,,,,,,,,,,,,,
30/06/2026,Alli Lynn,2.1,429,nsidc_global_glacier_2023,RGI2000-v7.0-G-xxx,primeclass,9,Rock glacier,Lava-stream-like debris mass containing ice in several possible forms and moving slowly downslope,,,,,,,,,,,,,,,,,,,,,,,,,,1,,,,,,,,,,,,,,,,,,,,,,,,,,,,,,,,,,,,,,,,,,,,,,,,,,,,,,,,,,,,,,,,,,,,,,,,,,,,,,,,,,,,,,
30/06/2026,Alli Lynn,2.1,429,nsidc_global_glacier_2023,RGI2000-v7.0-G-xxx,primeclass,10,Ice stream,Part of an ice sheet; ice flow of higher velocity than surrounding ice masses,,,,,,,,,,,,,,,,,,,,,,,,,,1,,,,,,,,,,,,,,,,,,,,,,,,,,,,,,,,,,,,,,,,,,,,,,,,,,,,,,,,,,,,,,,,,,,,,,,,,,,,,,,,,,,,,,
